PSuser100,PSuser100@yt7md.onmicrosoft.com,Psuser100
Psuser101,Psuser101@yt7md.onmicrosoft.com,Psuser101
PSuser102,PSuser102@yt7md.onmicrosoft.com,Psuser102
PSuser103,PSuser103@yt7md.onmicrosoft.com,Psuser103
PSuser104,PSuser104@yt7md.onmicrosoft.com,Psuser104
PSuser105,PSuser105@yt7md.onmicrosoft.com,Psuser105
PSuser106,PSuser106@yt7md.onmicrosoft.com,Psuser106
PSuser107,PSuser107@yt7md.onmicrosoft.com,Psuser107
PSuser108,PSuser108@yt7md.onmicrosoft.com,Psuser108
PSuser109,PSuser109@yt7md.onmicrosoft.com,Psuser109
